-- phpMyAdmin SQL Dump
-- version 4.5.3.1
-- http://www.phpmyadmin.net
--
-- Host: localhost
-- Generation Time: Dec 06, 2017 at 08:43 PM
-- Server version: 5.7.10
-- PHP Version: 7.1.7

SET SQL_MODE = "NO_AUTO_VALUE_ON_ZERO";
SET time_zone = "+00:00";


/*!40101 SET @OLD_CHARACTER_SET_CLIENT=@@CHARACTER_SET_CLIENT */;
/*!40101 SET @OLD_CHARACTER_SET_RESULTS=@@CHARACTER_SET_RESULTS */;
/*!40101 SET @OLD_COLLATION_CONNECTION=@@COLLATION_CONNECTION */;
/*!40101 SET NAMES utf8mb4 */;

--
-- Database: `remb4372_vic`
--

-- --------------------------------------------------------

--
-- Table structure for table `admins`
--

CREATE TABLE `admins` (
  `id` int(10) UNSIGNED NOT NULL,
  `name` varchar(191) COLLATE utf8mb4_unicode_ci NOT NULL,
  `email` varchar(191) COLLATE utf8mb4_unicode_ci NOT NULL,
  `password` varchar(60) COLLATE utf8mb4_unicode_ci NOT NULL,
  `remember_token` varchar(100) COLLATE utf8mb4_unicode_ci DEFAULT NULL,
  `created_at` timestamp NULL DEFAULT NULL,
  `updated_at` timestamp NULL DEFAULT NULL
) ENGINE=InnoDB DEFAULT CHARSET=utf8mb4 COLLATE=utf8mb4_unicode_ci;

--
-- Dumping data for table `admins`
--

INSERT INTO `admins` (`id`, `name`, `email`, `password`, `remember_token`, `created_at`, `updated_at`) VALUES
(3, 'victor92', 'victor_traian@yahoo.com', '$2y$10$P8tOcgfRwr81ElNnnNtz0.HQpJmZkz3iQiDGtf6NyhiUBWg92G5n6', NULL, '2017-12-07 00:04:13', '2017-12-07 00:04:13');

-- --------------------------------------------------------

--
-- Table structure for table `categories`
--

CREATE TABLE `categories` (
  `id` int(10) UNSIGNED NOT NULL,
  `name` varchar(191) COLLATE utf8mb4_unicode_ci NOT NULL,
  `created_at` timestamp NULL DEFAULT NULL,
  `updated_at` timestamp NULL DEFAULT NULL
) ENGINE=InnoDB DEFAULT CHARSET=utf8mb4 COLLATE=utf8mb4_unicode_ci;

--
-- Dumping data for table `categories`
--

INSERT INTO `categories` (`id`, `name`, `created_at`, `updated_at`) VALUES
(1, 'php', '2017-12-04 21:17:07', '2017-12-04 21:17:07'),
(2, 'js', '2017-12-04 21:17:26', '2017-12-04 21:17:26'),
(3, 'backend', '2017-12-04 21:18:29', '2017-12-04 21:18:29'),
(4, 'frontend', '2017-12-04 21:18:42', '2017-12-04 21:18:42'),
(5, 'tools', '2017-12-04 21:29:29', '2017-12-04 21:29:29'),
(6, 'css', '2017-12-06 07:13:15', '2017-12-06 07:13:15'),
(7, 'bootstrap', '2017-12-06 07:14:06', '2017-12-06 07:14:06'),
(8, 'library', '2017-12-06 07:14:18', '2017-12-06 07:14:18'),
(9, 'laravel', '2017-12-06 07:14:48', '2017-12-06 07:14:48'),
(10, 'codeigniter', '2017-12-06 07:14:58', '2017-12-06 07:14:58'),
(11, 'cms', '2017-12-06 07:15:04', '2017-12-06 07:15:04'),
(12, 'snippets', '2017-12-06 07:15:33', '2017-12-06 07:15:33'),
(13, 'angular', '2017-12-06 07:15:56', '2017-12-06 07:15:56'),
(14, 'vue', '2017-12-06 07:16:08', '2017-12-06 07:16:08'),
(15, 'jquery', '2017-12-06 07:16:34', '2017-12-06 07:16:34'),
(16, 'assets', '2017-12-06 07:17:01', '2017-12-06 07:17:01'),
(17, 'tutorials', '2017-12-06 07:17:35', '2017-12-06 07:17:35'),
(18, 'videos', '2017-12-06 07:17:55', '2017-12-06 07:17:55'),
(19, 'howto', '2017-12-06 07:18:15', '2017-12-06 20:52:47'),
(20, 'webdesign', '2017-12-06 07:18:49', '2017-12-10 12:46:14'),
(21, 'seo', '2017-12-06 07:19:00', '2017-12-06 07:19:00'),
(22, 'cloud', '2017-12-06 07:19:08', '2017-12-06 07:19:08'),
(23, 'miscellaneous', '2017-12-06 07:20:01', '2017-12-06 07:20:01'),
(24, 'authentification', '2017-12-06 08:09:01', '2017-12-06 08:09:01'),
(25, 'github', '2017-12-06 08:09:08', '2017-12-06 08:09:08'),
(26, 'courses', '2017-12-07 17:39:39', '2017-12-07 17:39:39'),
(27, 'books', '2017-12-07 18:12:49', '2017-12-07 18:12:49'),
(28, 'images', '2017-12-10 14:22:23', '2017-12-10 14:22:23'),
(29, 'learn', '2017-12-10 15:28:47', '2017-12-10 15:28:47'),
(30, 'mobile', '2017-12-10 15:29:01', '2017-12-10 15:29:01'),
(31, 'ajax', '2017-12-10 18:47:38', '2017-12-10 18:47:38'),
(32, 'html', '2017-12-10 18:52:16', '2017-12-10 18:52:16'),
(33, 'growhacking', '2017-12-10 18:58:05', '2017-12-10 18:58:05'),
(34, 'all', '2017-12-10 19:25:00', '2017-12-10 19:25:00'),
(35, 'framework', '2017-12-10 21:43:58', '2017-12-10 21:43:58'),
(36, 'database', '2017-12-27 07:37:46', '2017-12-27 07:37:46');

-- --------------------------------------------------------

--
-- Table structure for table `category_link`
--

CREATE TABLE `category_link` (
  `id` int(10) UNSIGNED NOT NULL,
  `category_id` int(10) UNSIGNED NOT NULL,
  `link_id` int(10) UNSIGNED NOT NULL
) ENGINE=InnoDB DEFAULT CHARSET=utf8mb4 COLLATE=utf8mb4_unicode_ci;

--
-- Dumping data for table `category_link`
--

INSERT INTO `category_link` (`id`, `category_id`, `link_id`) VALUES
(21, 1, 5),
(22, 3, 5),
(23, 1, 6),
(24, 1, 7),
(25, 5, 7),
(26, 2, 8),
(27, 4, 8),
(28, 2, 9),
(29, 2, 10),
(30, 18, 10),
(31, 9, 11),
(32, 24, 11),
(33, 25, 11);

-- --------------------------------------------------------

--
-- Table structure for table `link2`
--

CREATE TABLE `link2` (
  `address` varchar(255) CHARACTER SET utf8mb4 COLLATE utf8mb4_unicode_ci NOT NULL
) ENGINE=MyISAM DEFAULT CHARSET=latin1;
-- --------------------------------------------------------

--
-- Table structure for table `links`
--

CREATE TABLE `links` (
  `id` int(10) UNSIGNED NOT NULL,
  `address` varchar(191) COLLATE utf8mb4_unicode_ci NOT NULL,
  `description` varchar(191) COLLATE utf8mb4_unicode_ci NOT NULL,
  `created_at` timestamp NULL DEFAULT NULL,
  `updated_at` timestamp NULL DEFAULT NULL
) ENGINE=InnoDB DEFAULT CHARSET=utf8mb4 COLLATE=utf8mb4_unicode_ci;

--
-- Dumping data for table `links`
--

INSERT INTO `links` (`id`, `address`, `description`, `created_at`, `updated_at`) VALUES
(5, 'http://dev.fyicenter.com/Interview-Questions/PHP/index.html', 'questions interview', '2017-12-06 07:41:54', '2017-12-06 07:41:54'),
(6, 'https://phpunit.de/', 'test', '2017-12-06 07:43:25', '2017-12-06 07:43:25'),
(7, 'https://getcomposer.org/', 'Dependency Manager for PHP', '2017-12-06 08:01:58', '2017-12-06 08:01:58'),
(8, 'http://eloquentjavascript.net/', 'book', '2017-12-06 08:04:31', '2017-12-06 08:04:31'),
(9, 'http://shop.oreilly.com/product/9780596517748.do', 'book', '2017-12-06 08:05:47', '2017-12-06 08:05:47'),
(10, 'https://www.youtube.com/watch?v=hdEn3P3ZbiY#!', 'cours html, css, js', '2017-12-06 08:07:11', '2017-12-06 08:07:11'),
(11, 'https://www.phpclasses.org/package/10417-PHP-Authenticate-users-with-Facebook-accounts.html', 'facebook authentification', '2017-12-06 08:09:49', '2017-12-06 08:09:49');

-- --------------------------------------------------------

--
-- Table structure for table `migrations`
--

CREATE TABLE `migrations` (
  `id` int(10) UNSIGNED NOT NULL,
  `migration` varchar(191) COLLATE utf8mb4_unicode_ci NOT NULL,
  `batch` int(11) NOT NULL
) ENGINE=InnoDB DEFAULT CHARSET=utf8mb4 COLLATE=utf8mb4_unicode_ci;

--
-- Dumping data for table `migrations`
--

INSERT INTO `migrations` (`id`, `migration`, `batch`) VALUES
(9, '2014_10_12_000000_create_users_table', 1),
(10, '2014_10_12_100000_create_password_resets_table', 1),
(11, '2015_10_31_162633_scaffoldinterfaces', 1),
(12, '2017_12_03_114234_admins', 1),
(13, '2017_12_03_230841_create_permission_tables', 1),
(16, '2017_12_04_040959_categories', 2),
(17, '2017_12_04_041103_links', 2),
(18, '2017_12_04_041151_CategoriesLinks', 3),
(19, '2017_12_24_020814_stats', 4);

-- --------------------------------------------------------

--
-- Table structure for table `model_has_permissions`
--

CREATE TABLE `model_has_permissions` (
  `permission_id` int(10) UNSIGNED NOT NULL,
  `model_id` int(10) UNSIGNED NOT NULL,
  `model_type` varchar(191) COLLATE utf8mb4_unicode_ci NOT NULL
) ENGINE=InnoDB DEFAULT CHARSET=utf8mb4 COLLATE=utf8mb4_unicode_ci;

-- --------------------------------------------------------

--
-- Table structure for table `model_has_roles`
--

CREATE TABLE `model_has_roles` (
  `role_id` int(10) UNSIGNED NOT NULL,
  `model_id` int(10) UNSIGNED NOT NULL,
  `model_type` varchar(191) COLLATE utf8mb4_unicode_ci NOT NULL
) ENGINE=InnoDB DEFAULT CHARSET=utf8mb4 COLLATE=utf8mb4_unicode_ci;

-- --------------------------------------------------------

--
-- Table structure for table `password_resets`
--

CREATE TABLE `password_resets` (
  `email` varchar(191) COLLATE utf8mb4_unicode_ci NOT NULL,
  `token` varchar(191) COLLATE utf8mb4_unicode_ci NOT NULL,
  `created_at` timestamp NULL DEFAULT NULL
) ENGINE=InnoDB DEFAULT CHARSET=utf8mb4 COLLATE=utf8mb4_unicode_ci;

-- --------------------------------------------------------

--
-- Table structure for table `permissions`
--

CREATE TABLE `permissions` (
  `id` int(10) UNSIGNED NOT NULL,
  `name` varchar(191) COLLATE utf8mb4_unicode_ci NOT NULL,
  `guard_name` varchar(191) COLLATE utf8mb4_unicode_ci NOT NULL,
  `created_at` timestamp NULL DEFAULT NULL,
  `updated_at` timestamp NULL DEFAULT NULL
) ENGINE=InnoDB DEFAULT CHARSET=utf8mb4 COLLATE=utf8mb4_unicode_ci;

--
-- Dumping data for table `permissions`
--

INSERT INTO `permissions` (`id`, `name`, `guard_name`, `created_at`, `updated_at`) VALUES
(1, 'edit', 'web', '2017-12-04 09:42:18', '2017-12-05 19:41:31');

-- --------------------------------------------------------

--
-- Table structure for table `relations`
--

CREATE TABLE `relations` (
  `id` int(10) UNSIGNED NOT NULL,
  `scaffoldinterface_id` int(10) UNSIGNED NOT NULL,
  `to` varchar(191) COLLATE utf8mb4_unicode_ci NOT NULL,
  `having` varchar(191) COLLATE utf8mb4_unicode_ci NOT NULL,
  `created_at` timestamp NULL DEFAULT NULL,
  `updated_at` timestamp NULL DEFAULT NULL
) ENGINE=InnoDB DEFAULT CHARSET=utf8mb4 COLLATE=utf8mb4_unicode_ci;

--
-- Dumping data for table `relations`
--

INSERT INTO `relations` (`id`, `scaffoldinterface_id`, `to`, `having`, `created_at`, `updated_at`) VALUES
(3, 4, '5', 'ManyToMany', '2017-12-04 21:11:51', '2017-12-04 21:11:51');

-- --------------------------------------------------------

--
-- Table structure for table `roles`
--

CREATE TABLE `roles` (
  `id` int(10) UNSIGNED NOT NULL,
  `name` varchar(191) COLLATE utf8mb4_unicode_ci NOT NULL,
  `guard_name` varchar(191) COLLATE utf8mb4_unicode_ci NOT NULL,
  `created_at` timestamp NULL DEFAULT NULL,
  `updated_at` timestamp NULL DEFAULT NULL
) ENGINE=InnoDB DEFAULT CHARSET=utf8mb4 COLLATE=utf8mb4_unicode_ci;

--
-- Dumping data for table `roles`
--

INSERT INTO `roles` (`id`, `name`, `guard_name`, `created_at`, `updated_at`) VALUES
(1, 'admin', 'web', '2017-12-04 09:42:07', '2017-12-04 09:42:07');

-- --------------------------------------------------------

--
-- Table structure for table `role_has_permissions`
--

CREATE TABLE `role_has_permissions` (
  `permission_id` int(10) UNSIGNED NOT NULL,
  `role_id` int(10) UNSIGNED NOT NULL
) ENGINE=InnoDB DEFAULT CHARSET=utf8mb4 COLLATE=utf8mb4_unicode_ci;

-- --------------------------------------------------------

--
-- Table structure for table `scaffoldinterfaces`
--

CREATE TABLE `scaffoldinterfaces` (
  `id` int(10) UNSIGNED NOT NULL,
  `package` varchar(191) COLLATE utf8mb4_unicode_ci NOT NULL,
  `migration` varchar(191) COLLATE utf8mb4_unicode_ci NOT NULL,
  `model` varchar(191) COLLATE utf8mb4_unicode_ci NOT NULL,
  `controller` varchar(191) COLLATE utf8mb4_unicode_ci NOT NULL,
  `views` varchar(191) COLLATE utf8mb4_unicode_ci NOT NULL,
  `tablename` varchar(191) COLLATE utf8mb4_unicode_ci NOT NULL,
  `created_at` timestamp NULL DEFAULT NULL,
  `updated_at` timestamp NULL DEFAULT NULL
) ENGINE=InnoDB DEFAULT CHARSET=utf8mb4 COLLATE=utf8mb4_unicode_ci;

--
-- Dumping data for table `scaffoldinterfaces`
--

INSERT INTO `scaffoldinterfaces` (`id`, `package`, `migration`, `model`, `controller`, `views`, `tablename`, `created_at`, `updated_at`) VALUES
(4, 'Laravel', '/Users/victor/MEGA/www/laravel/vic/database/migrations/2017_12_04_040959_categories.php', '/Users/victor/MEGA/www/laravel/vic/app/Category.php', '/Users/victor/MEGA/www/laravel/vic/app/Http/Controllers/CategoryController.php', '/Users/victor/MEGA/www/laravel/vic/resources/views/category', 'categories', '2017-12-04 21:09:59', '2017-12-04 21:09:59'),
(5, 'Laravel', '/Users/victor/MEGA/www/laravel/vic/database/migrations/2017_12_04_041103_links.php', '/Users/victor/MEGA/www/laravel/vic/app/Link.php', '/Users/victor/MEGA/www/laravel/vic/app/Http/Controllers/LinkController.php', '/Users/victor/MEGA/www/laravel/vic/resources/views/link', 'links', '2017-12-04 21:11:03', '2017-12-04 21:11:03'),
(6, 'Laravel', '/home/remb4372/public_html/vic/database/migrations/2017_12_24_020814_stats.php', '/home/remb4372/public_html/vic/app/Stat.php', '/home/remb4372/public_html/vic/app/Http/Controllers/StatController.php', '/home/remb4372/public_html/vic/resources/views/stat', 'stats', '2017-12-24 12:08:14', '2017-12-24 12:08:14');

CREATE TABLE `stats` (
  `id` int(10) UNSIGNED NOT NULL,
  `page` varchar(255) COLLATE utf8mb4_unicode_ci NOT NULL,
  `ip` varchar(255) COLLATE utf8mb4_unicode_ci NOT NULL,
  `created_at` timestamp NULL DEFAULT NULL,
  `updated_at` timestamp NULL DEFAULT NULL
) ENGINE=MyISAM DEFAULT CHARSET=utf8mb4 COLLATE=utf8mb4_unicode_ci;

--
-- Dumping data for table `stats`
--

INSERT INTO `stats` (`id`, `page`, `ip`, `created_at`, `updated_at`) VALUES
(758, '/tags/database', '108.162.221.188', '2018-01-02 18:06:37', '2018-01-02 18:06:37'),
(757, '/', '172.68.141.24', '2018-01-02 17:57:12', '2018-01-02 17:57:12'),
(756, '/tags/bootstrap', '172.69.70.193', '2018-01-02 17:10:27', '2018-01-02 17:10:27'),
(755, '/', '172.69.33.163', '2018-01-02 16:57:12', '2018-01-02 16:57:12'),
(754, '/', '108.162.221.224', '2018-01-02 15:57:12', '2018-01-02 15:57:12'),
(753, '/', '172.68.174.66', '2018-01-02 14:57:14', '2018-01-02 14:57:14'),
(752, '/', '162.158.126.48', '2018-01-02 13:57:12', '2018-01-02 13:57:12'),
(751, '/links?page=102', '172.69.70.91', '2018-01-02 13:52:19', '2018-01-02 13:52:19'),
(750, '/tags/codeigniter', '172.69.70.211', '2018-01-02 13:47:07', '2018-01-02 13:47:07'),
(749, '/tags/frontend?page=2', '172.69.69.246', '2018-01-02 13:16:27', '2018-01-02 13:16:27'),
(748, '/tags/js?page=2', '108.162.221.218', '2018-01-02 13:11:20', '2018-01-02 13:11:20'),
(747, '/', '172.68.65.80', '2018-01-02 12:57:12', '2018-01-02 12:57:12'),
(746, '/tags/all', '172.69.70.199', '2018-01-02 12:45:46', '2018-01-02 12:45:46'),
(745, '/', '172.68.38.60', '2018-01-02 11:57:12', '2018-01-02 11:57:12'),
(744, '/links?page=3', '172.68.245.213', '2018-01-02 11:50:32', '2018-01-02 11:50:32'),
(743, '/', '172.68.141.24', '2018-01-02 10:57:12', '2018-01-02 10:57:12'),
(742, '/tags/images', '108.162.221.152', '2018-01-02 10:38:47', '2018-01-02 10:38:47'),
(741, '/', '108.162.216.114', '2018-01-02 09:57:12', '2018-01-02 09:57:12'),
(740, '/', '172.68.65.218', '2018-01-02 09:15:39', '2018-01-02 09:15:39'),
(739, '/', '162.158.62.227', '2018-01-02 08:57:12', '2018-01-02 08:57:12'),
(738, '/', '172.68.141.24', '2018-01-02 07:57:12', '2018-01-02 07:57:12'),
(737, '/links?page=39', '172.68.65.92', '2018-01-02 07:32:29', '2018-01-02 07:32:29'),
(736, '/links?page=20', '172.68.65.92', '2018-01-02 07:32:28', '2018-01-02 07:32:28'),
(735, '/', '172.69.33.163', '2018-01-02 06:57:12', '2018-01-02 06:57:12'),
(734, '/tags/php', '172.69.69.102', '2018-01-02 06:09:34', '2018-01-02 06:09:34'),
(733, '/', '108.162.221.224', '2018-01-02 05:57:12', '2018-01-02 05:57:12'),
(732, '/', '162.158.78.102', '2018-01-02 05:33:24', '2018-01-02 05:33:24'),
(731, '/tags/all', '172.68.11.151', '2018-01-02 05:01:29', '2018-01-02 05:01:29'),
(730, '/', '172.68.174.66', '2018-01-02 04:57:12', '2018-01-02 04:57:12'),
(729, '/', '172.68.10.132', '2018-01-02 04:53:31', '2018-01-02 04:53:31'),
(56, '/', '172.68.65.80', '2017-12-24 23:57:12', '2017-12-24 23:57:12'),
(57, '/', '172.68.141.24', '2017-12-25 00:57:12', '2017-12-25 00:57:12'),
(58, '/', '162.158.62.227', '2017-12-25 01:57:12', '2017-12-25 01:57:12'),
(59, '/tags/all', '172.68.174.48', '2017-12-25 02:37:53', '2017-12-25 02:37:53'),
(60, '/', '172.68.141.24', '2017-12-25 02:57:12', '2017-12-25 02:57:12'),
(61, '/', '172.68.65.158', '2017-12-25 03:57:12', '2017-12-25 03:57:12'),
(62, '/', '172.68.65.80', '2017-12-25 04:57:12', '2017-12-25 04:57:12'),
(63, '/', '162.158.134.216', '2017-12-25 05:57:11', '2017-12-25 05:57:11'),
(64, '/', '172.69.54.83', '2017-12-25 06:57:12', '2017-12-25 06:57:12'),
(65, '/', '172.69.33.163', '2017-12-25 07:57:12', '2017-12-25 07:57:12'),
(66, '/', '198.41.242.57', '2017-12-25 08:57:11', '2017-12-25 08:57:11'),
(67, '/', '172.68.10.132', '2017-12-25 09:48:46', '2017-12-25 09:48:46'),
(68, '/', '172.68.65.80', '2017-12-25 09:57:12', '2017-12-25 09:57:12'),
(69, '/', '172.68.141.24', '2017-12-25 10:57:12', '2017-12-25 10:57:12'),
(70, '/', '172.68.174.24', '2017-12-25 11:31:53', '2017-12-25 11:31:53'),
(71, '/', '162.158.62.227', '2017-12-25 11:57:12', '2017-12-25 11:57:12'),
(72, '/', '172.68.141.24', '2017-12-25 12:57:12', '2017-12-25 12:57:12'),
(73, '/', '172.68.189.111', '2017-12-25 13:26:03', '2017-12-25 13:26:03'),
(74, '/', '172.68.65.158', '2017-12-25 13:57:12', '2017-12-25 13:57:12'),
(75, '/', '172.68.65.80', '2017-12-25 14:57:12', '2017-12-25 14:57:12'),
(76, '/', '162.158.134.216', '2017-12-25 15:57:11', '2017-12-25 15:57:11'),
(77, '/', '162.158.91.85', '2017-12-25 16:44:46', '2017-12-25 16:44:46'),
(78, '/', '172.69.54.83', '2017-12-25 16:57:12', '2017-12-25 16:57:12'),
(79, '/', '172.69.33.163', '2017-12-25 17:57:12', '2017-12-25 17:57:12'),
(80, '/', '198.41.242.57', '2017-12-25 18:57:11', '2017-12-25 18:57:11'),
(81, '/', '172.68.65.80', '2017-12-25 19:57:12', '2017-12-25 19:57:12'),
(82, '/', '172.68.141.24', '2017-12-25 20:57:12', '2017-12-25 20:57:12'),
(83, '/', '172.68.255.4', '2017-12-25 21:38:27', '2017-12-25 21:38:27'),
(84, '/', '162.158.62.227', '2017-12-25 21:57:12', '2017-12-25 21:57:12'),
(85, '/tags/all', '172.68.174.48', '2017-12-25 22:07:32', '2017-12-25 22:07:32'),
(86, '/links?page=90', '172.68.65.92', '2017-12-25 22:47:48', '2017-12-25 22:47:48'),
(87, '/', '172.68.141.24', '2017-12-25 22:57:12', '2017-12-25 22:57:12'),
(88, '/', '172.68.65.158', '2017-12-25 23:57:12', '2017-12-25 23:57:12'),
(89, '/', '141.101.105.212', '2017-12-26 00:57:00', '2017-12-26 00:57:00'),
(90, '/', '172.68.65.80', '2017-12-26 00:57:12', '2017-12-26 00:57:12'),
(91, '/', '162.158.134.216', '2017-12-26 01:57:11', '2017-12-26 01:57:11'),
(92, '/', '172.68.174.24', '2017-12-26 02:07:13', '2017-12-26 02:07:13'),
(93, '/', '172.68.174.48', '2017-12-26 02:22:32', '2017-12-26 02:22:32'),
(94, '/', '172.69.54.83', '2017-12-26 02:57:11', '2017-12-26 02:57:11'),
(95, '/links?page=48', '172.68.65.92', '2017-12-26 03:09:28', '2017-12-26 03:09:28'),
(96, '/', '172.69.33.163', '2017-12-26 03:57:12', '2017-12-26 03:57:12'),
(97, '/', '198.41.242.57', '2017-12-26 04:57:11', '2017-12-26 04:57:11'),
(98, '/', '172.68.174.48', '2017-12-26 05:26:27', '2017-12-26 05:26:27'),
(99, '/', '172.68.65.80', '2017-12-26 05:57:12', '2017-12-26 05:57:12'),
(100, '/', '172.68.141.24', '2017-12-26 06:57:12', '2017-12-26 06:57:12'),
(101, '/', '162.158.62.227', '2017-12-26 07:57:12', '2017-12-26 07:57:12'),
(102, '/', '172.68.141.24', '2017-12-26 08:57:12', '2017-12-26 08:57:12'),
(103, '/about', '172.68.174.24', '2017-12-26 08:59:10', '2017-12-26 08:59:10'),
(104, '/', '172.68.65.158', '2017-12-26 09:57:12', '2017-12-26 09:57:12'),
(105, '/', '172.68.65.80', '2017-12-26 10:57:12', '2017-12-26 10:57:12'),
(106, '/', '162.158.134.216', '2017-12-26 11:57:11', '2017-12-26 11:57:11'),
(107, '/links?page=48', '172.68.65.92', '2017-12-26 11:57:44', '2017-12-26 11:57:44'),
(108, '/', '172.69.54.83', '2017-12-26 12:57:11', '2017-12-26 12:57:11'),
(109, '/', '172.68.255.4', '2017-12-26 13:28:02', '2017-12-26 13:28:02'),
(110, '/', '172.69.33.163', '2017-12-26 13:57:12', '2017-12-26 13:57:12'),
(111, '/', '198.41.242.57', '2017-12-26 14:57:11', '2017-12-26 14:57:11'),
(112, '/about', '108.162.241.180', '2017-12-26 15:23:52', '2017-12-26 15:23:52'),
(113, '/contact', '108.162.241.180', '2017-12-26 15:24:41', '2017-12-26 15:24:41'),
(114, '/services', '108.162.241.180', '2017-12-26 15:24:52', '2017-12-26 15:24:52'),
(115, '/links', '108.162.241.180', '2017-12-26 15:25:00', '2017-12-26 15:25:00'),
(116, '/demos', '108.162.241.180', '2017-12-26 15:25:21', '2017-12-26 15:25:21'),
(117, '/links', '108.162.241.180', '2017-12-26 15:28:46', '2017-12-26 15:28:46'),
(118, '/tags/all', '108.162.241.180', '2017-12-26 15:29:08', '2017-12-26 15:29:08'),
(119, '/demos', '108.162.241.180', '2017-12-26 15:29:30', '2017-12-26 15:29:30'),
(120, '/links', '108.162.241.180', '2017-12-26 15:29:33', '2017-12-26 15:29:33'),
(121, '/links?page=2', '108.162.241.180', '2017-12-26 15:29:56', '2017-12-26 15:29:56'),
(122, '/links?page=48', '108.162.241.180', '2017-12-26 15:30:06', '2017-12-26 15:30:06'),
(123, '/demos', '108.162.241.180', '2017-12-26 15:30:32', '2017-12-26 15:30:32'),
(124, '/', '172.68.65.80', '2017-12-26 15:57:12', '2017-12-26 15:57:12'),
(125, '/', '162.158.92.204', '2017-12-26 15:57:47', '2017-12-26 15:57:47'),
(126, '/', '172.68.10.132', '2017-12-26 15:57:47', '2017-12-26 15:57:47'),
(127, '/', '172.68.141.24', '2017-12-26 16:57:12', '2017-12-26 16:57:12'),
(128, '/', '108.162.216.114', '2017-12-26 17:37:42', '2017-12-26 17:37:42'),
(129, '/', '162.158.62.227', '2017-12-26 17:57:12', '2017-12-26 17:57:12'),
(130, '/', '172.69.22.196', '2017-12-26 18:19:28', '2017-12-26 18:19:28'),
(131, '/', '172.69.22.196', '2017-12-26 18:19:29', '2017-12-26 18:19:29'),
(132, '/about', '172.69.22.196', '2017-12-26 18:19:32', '2017-12-26 18:19:32'),
(133, '/services', '172.69.22.196', '2017-12-26 18:19:33', '2017-12-26 18:19:33'),
(134, '/links', '172.69.22.196', '2017-12-26 18:19:34', '2017-12-26 18:19:34'),
(135, '/demos', '172.69.22.196', '2017-12-26 18:19:36', '2017-12-26 18:19:36'),
(136, '/contact', '172.69.22.196', '2017-12-26 18:19:37', '2017-12-26 18:19:37'),
(137, '/', '172.68.141.24', '2017-12-26 18:57:12', '2017-12-26 18:57:12'),
(138, '/', '172.68.65.158', '2017-12-26 19:57:12', '2017-12-26 19:57:12'),
(148, '/', '172.68.65.80', '2017-12-26 20:57:12', '2017-12-26 20:57:12'),
(152, '/', '162.158.134.216', '2017-12-26 21:57:11', '2017-12-26 21:57:11'),
(153, '/', '172.69.54.83', '2017-12-26 22:57:11', '2017-12-26 22:57:11'),
(154, '/', '172.69.33.163', '2017-12-26 23:57:12', '2017-12-26 23:57:12'),
(155, '/', '198.41.242.57', '2017-12-27 00:57:11', '2017-12-27 00:57:11'),
(156, '/tags/all', '162.158.75.102', '2017-12-27 01:07:12', '2017-12-27 01:07:12'),
(157, '/', '172.68.65.80', '2017-12-27 01:57:12', '2017-12-27 01:57:12'),
(158, '/', '172.68.141.24', '2017-12-27 02:57:12', '2017-12-27 02:57:12'),
(159, '/tags/js', '162.158.75.210', '2017-12-27 03:18:43', '2017-12-27 03:18:43'),
(160, '/tags/css', '162.158.75.228', '2017-12-27 03:18:48', '2017-12-27 03:18:48'),
(161, '/tags/vue', '108.162.216.246', '2017-12-27 03:18:55', '2017-12-27 03:18:55'),
(162, '/tags/cms', '108.162.216.186', '2017-12-27 03:19:01', '2017-12-27 03:19:01'),
(163, '/tags/php', '108.162.216.246', '2017-12-27 03:19:08', '2017-12-27 03:19:08'),
(164, '/tags/all', '172.68.58.19', '2017-12-27 03:19:14', '2017-12-27 03:19:14'),
(165, '/tags/seo', '108.162.216.204', '2017-12-27 03:19:20', '2017-12-27 03:19:20'),
(166, '/tags/html', '108.162.216.204', '2017-12-27 03:19:26', '2017-12-27 03:19:26'),
(167, '/tags/ajax', '162.158.75.228', '2017-12-27 03:19:33', '2017-12-27 03:19:33'),
(168, '/tags/cloud', '108.162.216.12', '2017-12-27 03:19:40', '2017-12-27 03:19:40'),
(169, '/tags/books', '108.162.216.108', '2017-12-27 03:19:46', '2017-12-27 03:19:46'),
(170, '/tags/howto', '108.162.216.204', '2017-12-27 03:19:52', '2017-12-27 03:19:52'),
(171, '/tags/tools', '162.158.74.71', '2017-12-27 03:19:59', '2017-12-27 03:19:59'),
(172, '/tags/learn', '172.68.58.13', '2017-12-27 03:20:05', '2017-12-27 03:20:05'),
(173, '/tags/jquery', '162.158.75.222', '2017-12-27 03:20:12', '2017-12-27 03:20:12'),
(174, '/tags/mobile', '162.158.75.48', '2017-12-27 03:20:18', '2017-12-27 03:20:18'),
(175, '/tags/assets', '162.158.74.161', '2017-12-27 03:20:25', '2017-12-27 03:20:25'),
(176, '/tags/videos', '172.68.58.43', '2017-12-27 03:20:31', '2017-12-27 03:20:31'),
(177, '/tags/github', '162.158.74.95', '2017-12-27 03:20:37', '2017-12-27 03:20:37'),
(178, '/tags/images', '108.162.216.90', '2017-12-27 03:20:43', '2017-12-27 03:20:43'),
(179, '/tags/design', '162.158.75.90', '2017-12-27 03:20:50', '2017-12-27 03:20:50'),
(180, '/tags/courses', '162.158.75.168', '2017-12-27 03:20:56', '2017-12-27 03:20:56'),
(181, '/tags/angular', '172.68.58.85', '2017-12-27 03:21:03', '2017-12-27 03:21:03'),
(182, '/tags/library', '162.158.75.240', '2017-12-27 03:21:09', '2017-12-27 03:21:09'),
(183, '/tags/backend', '172.68.58.97', '2017-12-27 03:21:16', '2017-12-27 03:21:16'),
(184, '/tags/laravel', '162.158.74.83', '2017-12-27 03:21:22', '2017-12-27 03:21:22'),
(185, '/tags/frontend', '162.158.74.245', '2017-12-27 03:21:29', '2017-12-27 03:21:29'),
(186, '/tags/snippets', '172.68.58.109', '2017-12-27 03:21:35', '2017-12-27 03:21:35'),
(187, '/tags/webdesign', '162.158.74.5', '2017-12-27 03:21:42', '2017-12-27 03:21:42'),
(188, '/tags/tutorials', '108.162.216.210', '2017-12-27 03:21:48', '2017-12-27 03:21:48'),
(189, '/tags/framework', '162.158.75.6', '2017-12-27 03:21:54', '2017-12-27 03:21:54'),
(190, '/tags/bootstrap', '162.158.74.95', '2017-12-27 03:22:00', '2017-12-27 03:22:00'),
(191, '/tags/codeigniter', '162.158.75.216', '2017-12-27 03:22:07', '2017-12-27 03:22:07'),
(192, '/tags/growhacking', '162.158.75.144', '2017-12-27 03:22:13', '2017-12-27 03:22:13'),
(193, '/tags/miscellaneous', '172.68.58.67', '2017-12-27 03:22:20', '2017-12-27 03:22:20'),
(194, '/tags/authentification', '172.68.58.91', '2017-12-27 03:22:26', '2017-12-27 03:22:26'),
(195, '/links?page=4', '162.158.75.24', '2017-12-27 03:22:33', '2017-12-27 03:22:33'),
(196, '/links?page=7', '172.68.58.73', '2017-12-27 03:22:39', '2017-12-27 03:22:39'),
(197, '/links?page=6', '162.158.74.143', '2017-12-27 03:22:46', '2017-12-27 03:22:46'),
(198, '/links?page=2', '162.158.75.210', '2017-12-27 03:22:52', '2017-12-27 03:22:52'),
(199, '/links?page=8', '108.162.216.24', '2017-12-27 03:22:59', '2017-12-27 03:22:59'),
(200, '/links?page=5', '172.68.58.43', '2017-12-27 03:23:05', '2017-12-27 03:23:05'),
(201, '/links?page=3', '162.158.75.186', '2017-12-27 03:23:12', '2017-12-27 03:23:12'),
(202, '/links?page=101', '108.162.216.240', '2017-12-27 03:23:18', '2017-12-27 03:23:18'),
(203, '/links?page=100', '172.68.58.79', '2017-12-27 03:23:27', '2017-12-27 03:23:27'),
(204, '/tags/all?page=2', '108.162.216.210', '2017-12-27 03:24:00', '2017-12-27 03:24:00'),
(205, '/links?page=9', '172.68.58.97', '2017-12-27 03:24:00', '2017-12-27 03:24:00'),
(206, '/links?page=1', '162.158.74.29', '2017-12-27 03:24:34', '2017-12-27 03:24:34'),
(207, '/links?page=11', '162.158.74.11', '2017-12-27 03:25:16', '2017-12-27 03:25:16'),
(208, '/links?page=10', '162.158.75.186', '2017-12-27 03:26:39', '2017-12-27 03:26:39'),
(209, '/links?page=102', '172.68.58.37', '2017-12-27 03:27:49', '2017-12-27 03:27:49'),
(210, '/links?page=95', '108.162.216.132', '2017-12-27 03:28:20', '2017-12-27 03:28:20'),
(211, '/links?page=97', '172.68.58.169', '2017-12-27 03:28:21', '2017-12-27 03:28:21'),
(212, '/links?page=94', '162.158.75.24', '2017-12-27 03:28:23', '2017-12-27 03:28:23'),
(213, '/links?page=98', '108.162.216.132', '2017-12-27 03:28:25', '2017-12-27 03:28:25'),
(214, '/links?page=99', '162.158.75.168', '2017-12-27 03:28:27', '2017-12-27 03:28:27'),
(215, '/links?page=96', '172.68.58.67', '2017-12-27 03:28:30', '2017-12-27 03:28:30'),
(216, '/links?page=13', '172.68.58.13', '2017-12-27 03:28:56', '2017-12-27 03:28:56'),
(217, '/links?page=12', '162.158.74.29', '2017-12-27 03:29:41', '2017-12-27 03:29:41'),
(218, '/links?page=14', '108.162.216.114', '2017-12-27 03:30:38', '2017-12-27 03:30:38'),
(219, '/tags/all?page=1', '172.68.58.133', '2017-12-27 03:32:50', '2017-12-27 03:32:50'),
(220, '/links?page=92', '162.158.74.221', '2017-12-27 03:33:26', '2017-12-27 03:33:26'),
(221, '/links?page=91', '162.158.75.126', '2017-12-27 03:33:30', '2017-12-27 03:33:30'),
(222, '/', '162.158.62.227', '2017-12-27 03:57:12', '2017-12-27 03:57:12'),
(223, '/', '172.68.141.24', '2017-12-27 04:57:12', '2017-12-27 04:57:12'),
(224, '/', '172.69.62.18', '2017-12-27 05:12:52', '2017-12-27 05:12:52'),
(225, '/', '172.68.65.158', '2017-12-27 05:57:12', '2017-12-27 05:57:12'),
(226, '/', '172.68.65.80', '2017-12-27 06:57:12', '2017-12-27 06:57:12'),
(236, '/', '162.158.134.216', '2017-12-27 07:57:12', '2017-12-27 07:57:12'),
(240, '/', '172.69.54.83', '2017-12-27 08:57:12', '2017-12-27 08:57:12'),
(241, '/links?page=93', '108.162.216.168', '2017-12-27 08:58:51', '2017-12-27 08:58:51'),
(242, '/links?page=89', '172.68.58.175', '2017-12-27 09:00:23', '2017-12-27 09:00:23'),
(243, '/links?page=16', '162.158.74.137', '2017-12-27 09:01:34', '2017-12-27 09:01:34'),
(244, '/links?page=90', '172.68.58.61', '2017-12-27 09:03:11', '2017-12-27 09:03:11'),
(246, '/links?page=15', '172.68.58.67', '2017-12-27 09:14:09', '2017-12-27 09:14:09'),
(254, '/', '172.69.33.163', '2017-12-27 09:57:12', '2017-12-27 09:57:12'),
(255, '/links?page=88', '172.68.58.157', '2017-12-27 10:29:57', '2017-12-27 10:29:57'),
(256, '/tags/all', '162.158.88.10', '2017-12-27 10:44:21', '2017-12-27 10:44:21'),
(257, '/', '198.41.242.57', '2017-12-27 10:57:11', '2017-12-27 10:57:11'),
(261, '/links?page=17', '172.68.58.49', '2017-12-27 11:45:44', '2017-12-27 11:45:44'),
(262, '/', '172.68.65.80', '2017-12-27 11:57:12', '2017-12-27 11:57:12'),
(263, '/', '172.68.141.24', '2017-12-27 12:57:12', '2017-12-27 12:57:12'),
(276, '/', '162.158.62.227', '2017-12-27 13:57:11', '2017-12-27 13:57:11'),
(288, '/tags/database', '172.68.58.163', '2017-12-27 14:53:57', '2017-12-27 14:53:57'),
(289, '/', '172.68.141.24', '2017-12-27 14:57:12', '2017-12-27 14:57:12'),
(290, '/links?page=19', '172.68.58.169', '2017-12-27 14:58:10', '2017-12-27 14:58:10'),
(291, '/links?page=100', '172.68.245.99', '2017-12-27 15:23:56', '2017-12-27 15:23:56'),
(292, '/links?page=85', '172.68.58.13', '2017-12-27 15:33:33', '2017-12-27 15:33:33'),
(293, '/', '172.68.65.158', '2017-12-27 15:57:12', '2017-12-27 15:57:12'),
(294, '/links?page=86', '108.162.216.168', '2017-12-27 16:48:53', '2017-12-27 16:48:53'),
(295, '/', '172.68.65.80', '2017-12-27 16:57:12', '2017-12-27 16:57:12'),
(296, '/', '162.158.134.216', '2017-12-27 17:57:11', '2017-12-27 17:57:11'),
(297, '/links?page=87', '108.162.216.72', '2017-12-27 18:04:40', '2017-12-27 18:04:40'),
(298, '/', '172.69.54.83', '2017-12-27 18:57:12', '2017-12-27 18:57:12'),
(299, '/links?page=18', '172.68.58.25', '2017-12-27 19:20:27', '2017-12-27 19:20:27'),
(300, '/', '172.69.33.163', '2017-12-27 19:57:12', '2017-12-27 19:57:12'),
(301, '/', '198.41.242.57', '2017-12-27 20:57:11', '2017-12-27 20:57:11'),
(302, '/links?page=20', '172.68.58.73', '2017-12-27 21:13:48', '2017-12-27 21:13:48'),
(303, '/links?page=84', '172.68.58.127', '2017-12-27 21:52:00', '2017-12-27 21:52:00'),
(304, '/', '172.68.65.80', '2017-12-27 21:57:12', '2017-12-27 21:57:12'),
(305, '/', '172.68.141.24', '2017-12-27 22:57:12', '2017-12-27 22:57:12'),
(306, '/links?page=22', '162.158.74.77', '2017-12-27 23:07:48', '2017-12-27 23:07:48'),
(307, '/', '162.158.62.227', '2017-12-27 23:57:12', '2017-12-27 23:57:12'),
(308, '/links?page=83', '172.68.58.19', '2017-12-28 00:23:35', '2017-12-28 00:23:35'),
(309, '/', '172.68.141.24', '2017-12-28 00:57:12', '2017-12-28 00:57:12'),
(310, '/links?page=21', '162.158.75.222', '2017-12-28 01:39:22', '2017-12-28 01:39:22'),
(311, '/', '172.68.65.158', '2017-12-28 01:57:12', '2017-12-28 01:57:12'),
(312, '/links?page=82', '162.158.74.71', '2017-12-28 02:55:09', '2017-12-28 02:55:09'),
(313, '/', '172.68.65.80', '2017-12-28 02:57:12', '2017-12-28 02:57:12'),
(314, '/', '162.158.134.216', '2017-12-28 03:57:11', '2017-12-28 03:57:11'),
(315, '/links?page=23', '162.158.74.59', '2017-12-28 04:10:56', '2017-12-28 04:10:56'),
(316, '/', '172.69.54.83', '2017-12-28 04:57:11', '2017-12-28 04:57:11'),
(317, '/links?page=24', '172.68.58.85', '2017-12-28 05:26:43', '2017-12-28 05:26:43'),
(318, '/', '172.69.33.163', '2017-12-28 05:57:13', '2017-12-28 05:57:13'),
(319, '/links?page=25', '162.158.74.251', '2017-12-28 06:42:30', '2017-12-28 06:42:30'),
(320, '/', '198.41.242.57', '2017-12-28 06:57:11', '2017-12-28 06:57:11'),
(321, '/', '172.68.65.80', '2017-12-28 07:57:12', '2017-12-28 07:57:12'),
(322, '/links?page=81', '162.158.74.95', '2017-12-28 07:58:35', '2017-12-28 07:58:35'),
(323, '/', '172.68.141.24', '2017-12-28 08:57:12', '2017-12-28 08:57:12'),
(324, '/', '172.68.10.132', '2017-12-28 09:17:17', '2017-12-28 09:17:17'),
(325, '/', '172.68.65.80', '2017-12-28 09:17:17', '2017-12-28 09:17:17'),
(326, '/links?page=80', '108.162.216.84', '2017-12-28 09:49:00', '2017-12-28 09:49:00'),
(327, '/', '162.158.62.227', '2017-12-28 09:57:13', '2017-12-28 09:57:13'),
(328, '/links?page=79', '172.68.58.7', '2017-12-28 10:29:51', '2017-12-28 10:29:51'),
(329, '/', '172.68.141.24', '2017-12-28 10:57:12', '2017-12-28 10:57:12'),
(330, '/services', '108.162.241.90', '2017-12-28 11:07:37', '2017-12-28 11:07:37'),
(331, '/', '108.162.241.90', '2017-12-28 11:07:44', '2017-12-28 11:07:44'),
(332, '/', '108.162.241.90', '2017-12-28 11:08:08', '2017-12-28 11:08:08'),
(333, '/', '108.162.241.90', '2017-12-28 11:08:10', '2017-12-28 11:08:10'),
(334, '/links', '108.162.241.90', '2017-12-28 11:08:15', '2017-12-28 11:08:15'),
(335, '/tags/images', '108.162.241.90', '2017-12-28 11:08:43', '2017-12-28 11:08:43'),
(336, '/demos', '108.162.241.90', '2017-12-28 11:09:02', '2017-12-28 11:09:02'),
(337, '/links?page=26', '172.68.58.127', '2017-12-28 11:45:39', '2017-12-28 11:45:39'),
(338, '/', '172.68.65.158', '2017-12-28 11:57:12', '2017-12-28 11:57:12'),
(339, '/', '108.162.212.49', '2017-12-28 12:52:50', '2017-12-28 12:52:50'),
(340, '/', '172.68.65.80', '2017-12-28 12:57:12', '2017-12-28 12:57:12'),
(341, '/', '172.68.10.132', '2017-12-28 13:34:31', '2017-12-28 13:34:31'),
(342, '/', '162.158.134.216', '2017-12-28 13:57:12', '2017-12-28 13:57:12'),
(343, '/', '172.69.54.83', '2017-12-28 14:57:11', '2017-12-28 14:57:11'),
(344, '/links?page=77', '108.162.216.48', '2017-12-28 15:28:51', '2017-12-28 15:28:51'),
(345, '/links?page=27', '108.162.216.156', '2017-12-28 15:30:43', '2017-12-28 15:30:43'),
(346, '/links?page=28', '172.68.58.55', '2017-12-28 15:33:00', '2017-12-28 15:33:00'),
(347, '/', '172.68.189.111', '2017-12-28 15:38:11', '2017-12-28 15:38:11'),
(348, '/', '172.69.33.163', '2017-12-28 15:57:12', '2017-12-28 15:57:12'),
(349, '/', '172.69.62.18', '2017-12-28 16:11:32', '2017-12-28 16:11:32'),
(350, '/links?page=76', '108.162.216.228', '2017-12-28 16:48:48', '2017-12-28 16:48:48'),
(351, '/', '198.41.242.57', '2017-12-28 16:57:12', '2017-12-28 16:57:12'),
(352, '/', '172.68.65.80', '2017-12-28 17:57:12', '2017-12-28 17:57:12'),
(353, '/links?page=78', '162.158.75.204', '2017-12-28 18:04:35', '2017-12-28 18:04:35'),
(354, '/', '172.68.141.24', '2017-12-28 18:57:12', '2017-12-28 18:57:12'),
(355, '/', '162.158.62.227', '2017-12-28 19:57:12', '2017-12-28 19:57:12'),
(356, '/links?page=100', '162.158.88.88', '2017-12-28 19:58:48', '2017-12-28 19:58:48'),
(357, '/', '141.101.98.126', '2017-12-28 20:32:25', '2017-12-28 20:32:25'),
(358, '/', '172.68.141.24', '2017-12-28 20:57:12', '2017-12-28 20:57:12'),
(359, '/links?page=29', '172.68.174.84', '2017-12-28 21:28:53', '2017-12-28 21:28:53'),
(360, '/links?page=74', '172.68.174.114', '2017-12-28 21:32:40', '2017-12-28 21:32:40'),
(361, '/tags/all', '162.158.75.102', '2017-12-28 21:34:20', '2017-12-28 21:34:20'),
(362, '/tags/database', '162.158.75.36', '2017-12-28 21:38:51', '2017-12-28 21:38:51'),
(364, '/links?page=30', '172.68.174.108', '2017-12-28 21:51:55', '2017-12-28 21:51:55'),
(371, '/', '172.68.65.158', '2017-12-28 21:57:12', '2017-12-28 21:57:12'),
(372, '/', '172.68.65.80', '2017-12-28 22:57:12', '2017-12-28 22:57:12'),
(373, '/links?page=73', '172.68.174.90', '2017-12-28 23:07:44', '2017-12-28 23:07:44'),
(374, '/', '162.158.90.80', '2017-12-28 23:52:57', '2017-12-28 23:52:57'),
(375, '/', '162.158.134.216', '2017-12-28 23:57:11', '2017-12-28 23:57:11'),
(376, '/links?page=75', '172.68.174.108', '2017-12-29 00:23:37', '2017-12-29 00:23:37'),
(377, '/', '162.158.78.234', '2017-12-29 00:25:05', '2017-12-29 00:25:05'),
(378, '/', '172.69.62.132', '2017-12-29 00:29:13', '2017-12-29 00:29:13'),
(379, '/', '172.69.23.101', '2017-12-29 00:54:16', '2017-12-29 00:54:16'),
(380, '/', '172.68.65.38', '2017-12-29 00:54:17', '2017-12-29 00:54:17'),
(381, '/contact', '173.245.54.27', '2017-12-29 00:54:21', '2017-12-29 00:54:21'),
(382, '/demos', '162.158.78.120', '2017-12-29 00:54:24', '2017-12-29 00:54:24'),
(383, '/links', '172.69.62.150', '2017-12-29 00:54:27', '2017-12-29 00:54:27'),
(384, '/services', '172.69.62.180', '2017-12-29 00:54:30', '2017-12-29 00:54:30'),
(385, '/about', '162.158.78.6', '2017-12-29 00:54:32', '2017-12-29 00:54:32'),
(386, '/tags/jquery', '162.158.79.49', '2017-12-29 00:54:35', '2017-12-29 00:54:35'),
(387, '/tags/vue', '172.68.65.176', '2017-12-29 00:54:36', '2017-12-29 00:54:36'),
(388, '/tags/angular', '172.68.65.62', '2017-12-29 00:54:37', '2017-12-29 00:54:37'),
(389, '/tags/snippets', '172.69.62.168', '2017-12-29 00:54:38', '2017-12-29 00:54:38'),
(390, '/tags/library', '172.68.65.56', '2017-12-29 00:54:39', '2017-12-29 00:54:39'),
(391, '/tags/bootstrap', '172.68.65.50', '2017-12-29 00:54:40', '2017-12-29 00:54:40'),
(392, '/tags/miscellaneous', '172.69.62.48', '2017-12-29 00:54:42', '2017-12-29 00:54:42'),
(393, '/tags/cms', '162.158.78.222', '2017-12-29 00:54:43', '2017-12-29 00:54:43'),
(394, '/tags/codeigniter', '172.69.62.108', '2017-12-29 00:54:44', '2017-12-29 00:54:44'),
(395, '/tags/laravel', '162.158.78.60', '2017-12-29 00:54:45', '2017-12-29 00:54:45'),
(396, '/', '108.162.245.204', '2017-12-29 00:55:00', '2017-12-29 00:55:00'),
(397, '/', '172.69.62.18', '2017-12-29 00:55:01', '2017-12-29 00:55:01'),
(398, '/contact', '172.69.62.120', '2017-12-29 00:55:06', '2017-12-29 00:55:06'),
(399, '/demos', '172.68.65.188', '2017-12-29 00:55:09', '2017-12-29 00:55:09'),
(400, '/links', '172.69.62.42', '2017-12-29 00:55:12', '2017-12-29 00:55:12'),
(401, '/services', '162.158.79.139', '2017-12-29 00:55:15', '2017-12-29 00:55:15'),
(402, '/about', '172.68.65.8', '2017-12-29 00:55:17', '2017-12-29 00:55:17'),
(403, '/tags/jquery', '162.158.79.85', '2017-12-29 00:55:19', '2017-12-29 00:55:19'),
(404, '/tags/vue', '162.158.79.163', '2017-12-29 00:55:20', '2017-12-29 00:55:20'),
(405, '/tags/angular', '172.68.65.206', '2017-12-29 00:55:22', '2017-12-29 00:55:22'),
(406, '/tags/snippets', '172.68.65.74', '2017-12-29 00:55:23', '2017-12-29 00:55:23'),
(407, '/tags/library', '173.245.54.21', '2017-12-29 00:55:24', '2017-12-29 00:55:24'),
(408, '/tags/bootstrap', '172.68.65.206', '2017-12-29 00:55:25', '2017-12-29 00:55:25'),
(409, '/tags/miscellaneous', '172.69.62.78', '2017-12-29 00:55:26', '2017-12-29 00:55:26'),
(410, '/', '108.162.246.133', '2017-12-29 00:55:27', '2017-12-29 00:55:27'),
(411, '/tags/cms', '172.69.62.114', '2017-12-29 00:55:27', '2017-12-29 00:55:27'),
(412, '/', '172.68.65.38', '2017-12-29 00:55:27', '2017-12-29 00:55:27'),
(413, '/tags/codeigniter', '172.68.65.128', '2017-12-29 00:55:28', '2017-12-29 00:55:28'),
(414, '/', '108.162.246.127', '2017-12-29 00:55:29', '2017-12-29 00:55:29'),
(415, '/tags/laravel', '173.245.54.39', '2017-12-29 00:55:29', '2017-12-29 00:55:29'),
(416, '/', '172.68.65.80', '2017-12-29 00:55:30', '2017-12-29 00:55:30'),
(417, '/contact', '173.245.54.27', '2017-12-29 00:55:30', '2017-12-29 00:55:30'),
(418, '/demos', '162.158.78.120', '2017-12-29 00:55:33', '2017-12-29 00:55:33'),
(419, '/links', '172.69.62.150', '2017-12-29 00:55:35', '2017-12-29 00:55:35'),
(420, '/contact', '173.245.54.9', '2017-12-29 00:55:36', '2017-12-29 00:55:36'),
(421, '/services', '172.69.62.180', '2017-12-29 00:55:37', '2017-12-29 00:55:37'),
(422, '/about', '162.158.78.6', '2017-12-29 00:55:38', '2017-12-29 00:55:38'),
(423, '/demos', '172.69.62.162', '2017-12-29 00:55:39', '2017-12-29 00:55:39'),
(424, '/tags/jquery', '162.158.79.49', '2017-12-29 00:55:40', '2017-12-29 00:55:40'),
(425, '/tags/vue', '172.68.65.176', '2017-12-29 00:55:41', '2017-12-29 00:55:41'),
(426, '/tags/angular', '172.68.65.62', '2017-12-29 00:55:41', '2017-12-29 00:55:41'),
(427, '/links', '172.68.65.236', '2017-12-29 00:55:42', '2017-12-29 00:55:42'),
(428, '/tags/snippets', '172.69.62.168', '2017-12-29 00:55:42', '2017-12-29 00:55:42'),
(429, '/tags/library', '172.68.65.56', '2017-12-29 00:55:43', '2017-12-29 00:55:43'),
(430, '/tags/bootstrap', '172.68.65.50', '2017-12-29 00:55:43', '2017-12-29 00:55:43'),
(431, '/tags/miscellaneous', '172.69.62.48', '2017-12-29 00:55:44', '2017-12-29 00:55:44'),
(432, '/services', '172.69.62.12', '2017-12-29 00:55:45', '2017-12-29 00:55:45'),
(433, '/tags/cms', '162.158.78.222', '2017-12-29 00:55:45', '2017-12-29 00:55:45'),
(434, '/tags/codeigniter', '172.69.62.108', '2017-12-29 00:55:46', '2017-12-29 00:55:46'),
(435, '/tags/laravel', '162.158.78.60', '2017-12-29 00:55:46', '2017-12-29 00:55:46'),
(436, '/about', '162.158.79.151', '2017-12-29 00:55:47', '2017-12-29 00:55:47'),
(437, '/tags/jquery', '172.69.62.102', '2017-12-29 00:55:49', '2017-12-29 00:55:49'),
(438, '/tags/vue', '172.69.62.30', '2017-12-29 00:55:50', '2017-12-29 00:55:50'),
(439, '/tags/angular', '172.69.62.162', '2017-12-29 00:55:51', '2017-12-29 00:55:51'),
(440, '/tags/snippets', '162.158.79.91', '2017-12-29 00:55:53', '2017-12-29 00:55:53'),
(441, '/tags/library', '172.69.62.138', '2017-12-29 00:55:54', '2017-12-29 00:55:54'),
(442, '/tags/bootstrap', '172.68.65.38', '2017-12-29 00:55:55', '2017-12-29 00:55:55'),
(443, '/tags/miscellaneous', '172.69.62.126', '2017-12-29 00:55:56', '2017-12-29 00:55:56'),
(444, '/tags/cms', '172.68.65.218', '2017-12-29 00:55:57', '2017-12-29 00:55:57'),
(445, '/tags/codeigniter', '172.69.62.174', '2017-12-29 00:55:58', '2017-12-29 00:55:58'),
(446, '/tags/laravel', '162.158.79.217', '2017-12-29 00:55:59', '2017-12-29 00:55:59'),
(447, '/', '172.69.54.83', '2017-12-29 00:57:11', '2017-12-29 00:57:11'),
(448, '/links?page=31', '172.68.174.114', '2017-12-29 01:39:18', '2017-12-29 01:39:18'),
(449, '/tags/all', '172.68.174.48', '2017-12-29 01:43:07', '2017-12-29 01:43:07'),
(450, '/', '172.69.33.163', '2017-12-29 01:57:12', '2017-12-29 01:57:12'),
(451, '/tags/all', '172.68.11.151', '2017-12-29 02:53:22', '2017-12-29 02:53:22'),
(452, '/', '198.41.242.57', '2017-12-29 02:57:11', '2017-12-29 02:57:11'),
(453, '/links?page=32', '172.68.174.96', '2017-12-29 03:23:56', '2017-12-29 03:23:56'),
(454, '/', '172.68.65.80', '2017-12-29 03:57:12', '2017-12-29 03:57:12'),
(455, '/links?page=33', '172.68.174.84', '2017-12-29 04:10:52', '2017-12-29 04:10:52'),
(456, '/', '172.68.141.24', '2017-12-29 04:57:12', '2017-12-29 04:57:12'),
(457, '/', '172.69.62.18', '2017-12-29 05:23:35', '2017-12-29 05:23:35'),
(458, '/links?page=72', '172.68.174.78', '2017-12-29 05:26:39', '2017-12-29 05:26:39'),
(459, '/', '162.158.62.227', '2017-12-29 05:57:12', '2017-12-29 05:57:12'),
(460, '/tags/all', '172.68.174.48', '2017-12-29 06:33:04', '2017-12-29 06:33:04'),
(461, '/links?page=71', '172.68.174.30', '2017-12-29 06:42:26', '2017-12-29 06:42:26'),
(462, '/', '172.68.141.24', '2017-12-29 06:57:12', '2017-12-29 06:57:12'),
(463, '/links?page=100', '172.68.174.42', '2017-12-29 06:58:43', '2017-12-29 06:58:43'),
(464, '/links?page=7', '172.68.174.84', '2017-12-29 07:54:33', '2017-12-29 07:54:33'),
(465, '/', '172.68.65.158', '2017-12-29 07:57:12', '2017-12-29 07:57:12'),
(466, '/links?page=70', '172.68.174.48', '2017-12-29 07:58:36', '2017-12-29 07:58:36'),
(467, '/', '172.68.65.80', '2017-12-29 08:57:12', '2017-12-29 08:57:12'),
(468, '/links?page=8', '172.68.174.108', '2017-12-29 09:20:54', '2017-12-29 09:20:54'),
(469, '/links?page=34', '172.68.174.108', '2017-12-29 09:29:01', '2017-12-29 09:29:01'),
(470, '/links?page=5', '172.68.174.6', '2017-12-29 09:56:43', '2017-12-29 09:56:43'),
(471, '/links?page=5', '172.68.174.6', '2017-12-29 09:56:44', '2017-12-29 09:56:44'),
(472, '/', '162.158.134.216', '2017-12-29 09:57:12', '2017-12-29 09:57:12'),
(473, '/links?page=101', '172.68.174.42', '2017-12-29 10:17:13', '2017-12-29 10:17:13'),
(474, '/links?page=35', '172.68.174.84', '2017-12-29 10:29:47', '2017-12-29 10:29:47'),
(475, '/', '172.69.54.83', '2017-12-29 10:57:11', '2017-12-29 10:57:11'),
(476, '/links?page=6', '172.68.174.30', '2017-12-29 11:28:12', '2017-12-29 11:28:12'),
(477, '/links?page=6', '172.68.174.30', '2017-12-29 11:28:13', '2017-12-29 11:28:13'),
(478, '/tags/cms', '172.68.174.6', '2017-12-29 11:33:12', '2017-12-29 11:33:12'),
(479, '/links?page=69', '172.68.174.30', '2017-12-29 11:45:35', '2017-12-29 11:45:35'),
(480, '/', '172.69.33.163', '2017-12-29 11:57:12', '2017-12-29 11:57:12'),
(481, '/tags/css', '172.68.174.78', '2017-12-29 12:04:10', '2017-12-29 12:04:10'),
(482, '/', '162.158.89.81', '2017-12-29 12:56:50', '2017-12-29 12:56:50'),
(483, '/', '198.41.242.57', '2017-12-29 12:57:11', '2017-12-29 12:57:11'),
(484, '/tags/css', '172.68.174.78', '2017-12-29 12:59:01', '2017-12-29 12:59:01'),
(485, '/tags/css', '172.68.174.78', '2017-12-29 12:59:04', '2017-12-29 12:59:04'),
(486, '/links?page=36', '172.68.174.78', '2017-12-29 13:01:22', '2017-12-29 13:01:22'),
(487, '/tags/js', '172.68.174.42', '2017-12-29 13:24:36', '2017-12-29 13:24:36'),
(488, '/tags/js?page=2', '172.68.174.48', '2017-12-29 13:28:41', '2017-12-29 13:28:41'),
(489, '/tags/js?page=1', '172.68.174.114', '2017-12-29 13:33:51', '2017-12-29 13:33:51'),
(490, '/', '172.68.65.80', '2017-12-29 13:57:12', '2017-12-29 13:57:12'),
(491, '/tags/js', '172.68.174.42', '2017-12-29 14:20:35', '2017-12-29 14:20:35'),
(492, '/', '172.68.246.46', '2017-12-29 14:24:41', '2017-12-29 14:24:41'),
(493, '/tags/videos', '172.68.174.12', '2017-12-29 14:46:05', '2017-12-29 14:46:05'),
(494, '/', '172.68.141.24', '2017-12-29 14:57:12', '2017-12-29 14:57:12'),
(495, '/links?page=68', '172.68.174.60', '2017-12-29 15:38:54', '2017-12-29 15:38:54'),
(496, '/links?page=38', '172.68.174.108', '2017-12-29 15:43:08', '2017-12-29 15:43:08'),
(497, '/', '162.158.62.227', '2017-12-29 15:57:11', '2017-12-29 15:57:11'),
(498, '/tags/html', '172.68.174.18', '2017-12-29 16:27:55', '2017-12-29 16:27:55'),
(499, '/tags/videos', '172.68.174.12', '2017-12-29 16:32:55', '2017-12-29 16:32:55'),
(500, '/links?page=4', '172.68.174.66', '2017-12-29 16:48:23', '2017-12-29 16:48:23'),
(501, '/links?page=67', '172.68.174.60', '2017-12-29 16:48:44', '2017-12-29 16:48:44'),
(502, '/', '172.68.141.24', '2017-12-29 16:57:12', '2017-12-29 16:57:12'),
(503, '/', '172.68.65.158', '2017-12-29 17:57:12', '2017-12-29 17:57:12'),
(504, '/links?page=37', '172.68.174.90', '2017-12-29 18:04:31', '2017-12-29 18:04:31'),
(505, '/', '172.69.22.88', '2017-12-29 18:08:40', '2017-12-29 18:08:40'),
(510, '/links?page=36', '172.68.174.54', '2017-12-29 18:50:57', '2017-12-29 18:50:57'),
(511, '/', '162.158.90.80', '2017-12-29 18:51:45', '2017-12-29 18:51:45'),
(512, '/', '172.68.65.80', '2017-12-29 18:57:12', '2017-12-29 18:57:12'),
(513, '/tags/ajax', '172.68.174.30', '2017-12-29 19:21:39', '2017-12-29 19:21:39'),
(514, '/', '162.158.134.216', '2017-12-29 19:57:11', '2017-12-29 19:57:11'),
(515, '/tags/backend', '172.68.174.78', '2017-12-29 20:23:01', '2017-12-29 20:23:01'),
(516, '/tags/backend', '172.68.174.78', '2017-12-29 20:43:04', '2017-12-29 20:43:04'),
(517, '/', '172.69.54.83', '2017-12-29 20:57:11', '2017-12-29 20:57:11'),
(518, '/tags/mobile', '172.68.174.30', '2017-12-29 21:13:38', '2017-12-29 21:13:38'),
(519, '/links?page=39', '172.68.174.18', '2017-12-29 21:49:09', '2017-12-29 21:49:09'),
(520, '/links?page=41', '172.68.174.96', '2017-12-29 21:51:24', '2017-12-29 21:51:24'),
(521, '/links?page=65', '172.68.174.108', '2017-12-29 21:52:58', '2017-12-29 21:52:58'),
(522, '/', '172.69.33.163', '2017-12-29 21:57:12', '2017-12-29 21:57:12'),
(523, '/', '198.41.242.57', '2017-12-29 22:57:11', '2017-12-29 22:57:11'),
(524, '/links?page=64', '172.68.174.90', '2017-12-29 23:07:40', '2017-12-29 23:07:40'),
(525, '/tags/miscellaneous', '172.68.174.90', '2017-12-29 23:30:45', '2017-12-29 23:30:45'),
(526, '/tags/miscellaneous', '172.68.174.90', '2017-12-29 23:56:15', '2017-12-29 23:56:15'),
(527, '/', '172.68.65.80', '2017-12-29 23:57:12', '2017-12-29 23:57:12'),
(528, '/', '141.101.98.24', '2017-12-29 23:59:48', '2017-12-29 23:59:48'),
(529, '/links?page=40', '172.68.174.108', '2017-12-30 00:23:35', '2017-12-30 00:23:35'),
(530, '/', '172.68.141.24', '2017-12-30 00:57:12', '2017-12-30 00:57:12'),
(531, '/links?page=66', '172.68.174.66', '2017-12-30 01:39:14', '2017-12-30 01:39:14'),
(532, '/', '162.158.62.227', '2017-12-30 01:57:12', '2017-12-30 01:57:12'),
(533, '/tags/assets', '172.68.174.102', '2017-12-30 02:05:58', '2017-12-30 02:05:58'),
(534, '/', '172.68.174.24', '2017-12-30 02:09:17', '2017-12-30 02:09:17'),
(535, '/', '172.68.174.24', '2017-12-30 02:56:15', '2017-12-30 02:56:15'),
(536, '/', '172.68.141.24', '2017-12-30 02:57:12', '2017-12-30 02:57:12'),
(537, '/', '172.68.10.132', '2017-12-30 03:22:23', '2017-12-30 03:22:23'),
(538, '/links?page=62', '172.68.174.102', '2017-12-30 03:23:58', '2017-12-30 03:23:58'),
(539, '/', '172.68.65.158', '2017-12-30 03:57:12', '2017-12-30 03:57:12'),
(540, '/links?page=42', '172.68.174.114', '2017-12-30 04:10:48', '2017-12-30 04:10:48'),
(541, '/', '172.68.65.80', '2017-12-30 04:57:12', '2017-12-30 04:57:12'),
(542, '/links?page=61', '172.68.174.36', '2017-12-30 05:26:35', '2017-12-30 05:26:35'),
(543, '/', '162.158.134.216', '2017-12-30 05:57:11', '2017-12-30 05:57:11'),
(544, '/tags/database', '172.68.11.37', '2017-12-30 06:00:54', '2017-12-30 06:00:54'),
(545, '/tags/framework', '172.68.174.30', '2017-12-30 06:04:15', '2017-12-30 06:04:15'),
(546, '/tags/tools', '172.68.174.102', '2017-12-30 06:34:43', '2017-12-30 06:34:43'),
(547, '/links?page=63', '172.68.174.108', '2017-12-30 06:42:22', '2017-12-30 06:42:22'),
(548, '/', '172.69.54.83', '2017-12-30 06:57:11', '2017-12-30 06:57:11'),
(549, '/', '172.69.33.163', '2017-12-30 07:57:12', '2017-12-30 07:57:12'),
(550, '/links?page=43', '172.68.174.114', '2017-12-30 07:58:41', '2017-12-30 07:58:41'),
(551, '/', '198.41.242.57', '2017-12-30 08:57:11', '2017-12-30 08:57:11'),
(552, '/links?page=44', '172.68.174.96', '2017-12-30 09:13:56', '2017-12-30 09:13:56'),
(553, '/', '172.69.22.58', '2017-12-30 09:20:22', '2017-12-30 09:20:22'),
(554, '/', '173.245.48.233', '2017-12-30 09:21:44', '2017-12-30 09:21:44'),
(555, '/', '172.68.65.80', '2017-12-30 09:57:12', '2017-12-30 09:57:12'),
(556, '/', '172.68.244.62', '2017-12-30 10:07:38', '2017-12-30 10:07:38'),
(557, '/', '172.68.10.132', '2017-12-30 10:07:38', '2017-12-30 10:07:38'),
(558, '/links?page=60', '172.68.174.36', '2017-12-30 10:29:43', '2017-12-30 10:29:43'),
(559, '/', '172.68.141.24', '2017-12-30 10:57:13', '2017-12-30 10:57:13'),
(560, '/links?page=59', '172.68.174.48', '2017-12-30 11:45:30', '2017-12-30 11:45:30'),
(561, '/', '162.158.62.227', '2017-12-30 11:57:12', '2017-12-30 11:57:12'),
(562, '/', '172.69.22.64', '2017-12-30 12:01:39', '2017-12-30 12:01:39'),
(563, '/', '172.68.46.223', '2017-12-30 12:01:48', '2017-12-30 12:01:48'),
(564, '/links?page=3', '172.68.246.172', '2017-12-30 12:37:37', '2017-12-30 12:37:37'),
(565, '/', '172.68.141.24', '2017-12-30 12:57:12', '2017-12-30 12:57:12'),
(566, '/links?page=58', '172.68.174.54', '2017-12-30 13:01:18', '2017-12-30 13:01:18'),
(567, '/', '172.68.142.175', '2017-12-30 13:07:31', '2017-12-30 13:07:31'),
(568, '/', '172.68.189.159', '2017-12-30 13:07:44', '2017-12-30 13:07:44'),
(569, '/', '173.245.48.131', '2017-12-30 13:09:59', '2017-12-30 13:09:59'),
(570, '/', '108.162.215.42', '2017-12-30 13:11:30', '2017-12-30 13:11:30'),
(573, '/', '172.68.65.80', '2017-12-30 13:57:12', '2017-12-30 13:57:12'),
(574, '/links?page=45', '162.158.78.132', '2017-12-30 14:17:04', '2017-12-30 14:17:04'),
(575, '/', '162.158.134.216', '2017-12-30 14:57:11', '2017-12-30 14:57:11'),
(577, '/links?page=46', '162.158.79.241', '2017-12-30 15:32:51', '2017-12-30 15:32:51'),
(578, '/', '172.69.54.83', '2017-12-30 15:57:11', '2017-12-30 15:57:11'),
(579, '/links?page=47', '172.69.62.150', '2017-12-30 16:48:38', '2017-12-30 16:48:38'),
(580, '/', '172.68.174.66', '2017-12-30 16:57:12', '2017-12-30 16:57:12'),
(581, '/', '108.162.221.224', '2017-12-30 17:57:12', '2017-12-30 17:57:12'),
(582, '/links?page=56', '172.68.65.56', '2017-12-30 18:04:24', '2017-12-30 18:04:24'),
(583, '/contact', '173.245.54.9', '2017-12-30 18:12:06', '2017-12-30 18:12:06'),
(584, '/', '172.69.33.163', '2017-12-30 18:57:12', '2017-12-30 18:57:12'),
(585, '/links?page=102', '162.158.93.155', '2017-12-30 18:59:14', '2017-12-30 18:59:14'),
(586, '/links?page=57', '162.158.79.181', '2017-12-30 19:20:11', '2017-12-30 19:20:11'),
(587, '/', '172.68.65.80', '2017-12-30 19:57:12', '2017-12-30 19:57:12'),
(588, '/', '172.68.141.24', '2017-12-30 20:57:12', '2017-12-30 20:57:12'),
(589, '/links?page=49', '173.245.54.33', '2017-12-30 21:43:54', '2017-12-30 21:43:54'),
(590, '/links?page=55', '162.158.78.138', '2017-12-30 21:51:45', '2017-12-30 21:51:45'),
(591, '/', '162.158.62.227', '2017-12-30 21:57:12', '2017-12-30 21:57:12'),
(592, '/', '172.68.141.24', '2017-12-30 22:57:12', '2017-12-30 22:57:12'),
(593, '/links?page=50', '172.68.65.128', '2017-12-30 23:07:32', '2017-12-30 23:07:32'),
(594, '/', '172.68.65.80', '2017-12-30 23:57:12', '2017-12-30 23:57:12'),
(595, '/tags/tools', '172.68.65.20', '2017-12-31 00:22:45', '2017-12-31 00:22:45'),
(596, '/links?page=48', '162.158.79.25', '2017-12-31 00:23:34', '2017-12-31 00:23:34'),
(597, '/tags/jquery', '172.69.62.102', '2017-12-31 00:37:56', '2017-12-31 00:37:56'),
(598, '/', '162.158.134.216', '2017-12-31 00:57:11', '2017-12-31 00:57:11'),
(599, '/', '172.69.54.83', '2017-12-31 01:57:12', '2017-12-31 01:57:12'),
(600, '/tags/learn', '162.158.78.126', '2017-12-31 02:09:36', '2017-12-31 02:09:36'),
(601, '/tags/jquery', '172.69.62.102', '2017-12-31 02:14:45', '2017-12-31 02:14:45'),
(602, '/', '172.68.141.18', '2017-12-31 02:45:31', '2017-12-31 02:45:31'),
(603, '/', '172.68.10.132', '2017-12-31 02:50:25', '2017-12-31 02:50:25'),
(728, '/', '172.68.65.80', '2018-01-02 02:57:12', '2018-01-02 02:57:12'),
(605, '/', '172.68.141.18', '2017-12-31 03:07:55', '2017-12-31 03:07:55'),
(606, '/links?page=3', '162.158.78.12', '2017-12-31 03:20:26', '2017-12-31 03:20:26'),
(607, '/tags/authentification', '172.68.65.218', '2017-12-31 03:40:34', '2017-12-31 03:40:34'),
(608, '/', '172.68.141.78', '2017-12-31 03:56:14', '2017-12-31 03:56:14'),
(609, '/', '172.69.33.181', '2017-12-31 03:56:22', '2017-12-31 03:56:22'),
(610, '/', '172.68.174.66', '2017-12-31 03:57:12', '2017-12-31 03:57:12'),
(611, '/', '172.69.33.169', '2017-12-31 04:00:08', '2017-12-31 04:00:08'),
(612, '/', '172.68.142.121', '2017-12-31 04:00:15', '2017-12-31 04:00:15'),
(613, '/', '162.158.59.252', '2017-12-31 04:02:16', '2017-12-31 04:02:16'),
(614, '/links?page=52', '172.69.62.42', '2017-12-31 04:48:54', '2017-12-31 04:48:54'),
(615, '/links?page=54', '172.69.62.96', '2017-12-31 04:50:38', '2017-12-31 04:50:38'),
(616, '/links?page=51', '162.158.78.216', '2017-12-31 04:52:58', '2017-12-31 04:52:58'),
(617, '/', '108.162.221.224', '2017-12-31 04:57:12', '2017-12-31 04:57:12'),
(618, '/tags/laravel', '162.158.79.217', '2017-12-31 05:01:50', '2017-12-31 05:01:50'),
(619, '/tags/tutorials', '172.69.62.60', '2017-12-31 05:06:55', '2017-12-31 05:06:55'),
(620, '/links?page=53', '172.68.65.224', '2017-12-31 05:26:28', '2017-12-31 05:26:28'),
(621, '/tags/tutorials', '172.69.62.60', '2017-12-31 05:52:47', '2017-12-31 05:52:47'),
(622, '/', '172.69.33.163', '2017-12-31 05:57:12', '2017-12-31 05:57:12'),
(623, '/tags/laravel', '162.158.79.217', '2017-12-31 06:13:05', '2017-12-31 06:13:05'),
(624, '/', '172.68.141.24', '2017-12-31 06:57:12', '2017-12-31 06:57:12'),
(625, '/', '162.158.62.227', '2017-12-31 07:57:12', '2017-12-31 07:57:12'),
(626, '/', '162.158.255.198', '2017-12-31 08:42:40', '2017-12-31 08:42:40'),
(627, '/', '172.68.133.122', '2017-12-31 08:42:48', '2017-12-31 08:42:48'),
(628, '/', '172.69.33.175', '2017-12-31 08:45:34', '2017-12-31 08:45:34'),
(629, '/', '172.69.33.85', '2017-12-31 08:47:32', '2017-12-31 08:47:32'),
(630, '/', '172.68.141.24', '2017-12-31 08:57:12', '2017-12-31 08:57:12'),
(631, '/', '172.68.65.80', '2017-12-31 09:57:12', '2017-12-31 09:57:12'),
(632, '/', '162.158.134.216', '2017-12-31 10:57:11', '2017-12-31 10:57:11'),
(633, '/', '162.158.88.76', '2017-12-31 11:54:51', '2017-12-31 11:54:51'),
(634, '/', '172.69.54.83', '2017-12-31 11:57:11', '2017-12-31 11:57:11'),
(635, '/tags/snippets', '162.158.79.91', '2017-12-31 12:04:26', '2017-12-31 12:04:26'),
(727, '/', '172.68.38.60', '2018-01-02 01:57:12', '2018-01-02 01:57:12'),
(637, '/', '172.68.174.66', '2017-12-31 13:57:13', '2017-12-31 13:57:13'),
(638, '/tags/snippets', '162.158.79.91', '2017-12-31 14:04:25', '2017-12-31 14:04:25'),
(639, '/', '108.162.221.224', '2017-12-31 14:57:12', '2017-12-31 14:57:12'),
(640, '/', '172.68.143.50', '2017-12-31 15:02:57', '2017-12-31 15:02:57'),
(641, '/', '162.158.255.156', '2017-12-31 15:03:05', '2017-12-31 15:03:05'),
(642, '/tags/cloud', '162.158.78.228', '2017-12-31 15:04:25', '2017-12-31 15:04:25'),
(643, '/', '162.158.58.77', '2017-12-31 15:06:57', '2017-12-31 15:06:57'),
(644, '/', '108.162.215.96', '2017-12-31 15:09:48', '2017-12-31 15:09:48'),
(645, '/', '172.68.189.105', '2017-12-31 15:09:48', '2017-12-31 15:09:48'),
(646, '/', '172.68.47.56', '2017-12-31 15:11:17', '2017-12-31 15:11:17'),
(647, '/', '172.69.33.163', '2017-12-31 15:57:12', '2017-12-31 15:57:12'),
(648, '/tags/all', '162.158.79.79', '2017-12-31 16:04:26', '2017-12-31 16:04:26'),
(649, '/', '172.68.141.24', '2017-12-31 16:57:12', '2017-12-31 16:57:12'),
(650, '/tags/cloud', '172.69.70.103', '2017-12-31 16:59:18', '2017-12-31 16:59:18'),
(651, '/', '172.68.189.111', '2017-12-31 17:25:57', '2017-12-31 17:25:57'),
(652, '/tags/books', '172.69.69.6', '2017-12-31 17:45:39', '2017-12-31 17:45:39'),
(653, '/', '162.158.62.227', '2017-12-31 17:57:12', '2017-12-31 17:57:12'),
(654, '/tags/books', '172.69.69.6', '2017-12-31 18:10:34', '2017-12-31 18:10:34'),
(655, '/tags/github', '108.162.221.104', '2017-12-31 18:15:44', '2017-12-31 18:15:44'),
(656, '/', '172.69.22.88', '2017-12-31 18:51:44', '2017-12-31 18:51:44'),
(657, '/', '172.68.141.24', '2017-12-31 18:57:12', '2017-12-31 18:57:12'),
(658, '/tags/frontend', '172.69.69.24', '2017-12-31 19:21:55', '2017-12-31 19:21:55'),
(659, '/tags/frontend?page=2', '172.69.69.246', '2017-12-31 19:23:39', '2017-12-31 19:23:39'),
(660, '/tags/frontend?page=1', '108.162.221.128', '2017-12-31 19:28:11', '2017-12-31 19:28:11'),
(661, '/tags/frontend', '172.69.69.24', '2017-12-31 19:47:15', '2017-12-31 19:47:15'),
(662, '/', '172.68.65.80', '2017-12-31 19:57:12', '2017-12-31 19:57:12'),
(663, '/links?page=100', '162.158.88.88', '2017-12-31 20:28:20', '2017-12-31 20:28:20'),
(664, '/tags/library', '172.69.70.217', '2017-12-31 20:33:39', '2017-12-31 20:33:39'),
(665, '/tags/library', '172.69.70.217', '2017-12-31 20:33:40', '2017-12-31 20:33:40'),
(666, '/tags/library', '172.69.70.217', '2017-12-31 20:53:59', '2017-12-31 20:53:59'),
(667, '/', '162.158.134.216', '2017-12-31 20:57:11', '2017-12-31 20:57:11'),
(668, '/', '172.68.10.132', '2017-12-31 21:12:11', '2017-12-31 21:12:11'),
(669, '/', '172.69.54.83', '2017-12-31 21:57:12', '2017-12-31 21:57:12'),
(670, '/tags/cms', '108.162.221.74', '2017-12-31 22:25:15', '2017-12-31 22:25:15'),
(671, '/tags/github', '108.162.221.104', '2017-12-31 22:30:14', '2017-12-31 22:30:14'),
(726, '/', '172.68.141.24', '2018-01-02 00:57:12', '2018-01-02 00:57:12'),
(673, '/', '172.68.174.66', '2017-12-31 23:57:12', '2017-12-31 23:57:12'),
(674, '/', '108.162.221.224', '2018-01-01 00:57:12', '2018-01-01 00:57:12'),
(675, '/', '172.68.246.172', '2018-01-01 01:37:03', '2018-01-01 01:37:03'),
(676, '/', '172.69.33.163', '2018-01-01 01:57:12', '2018-01-01 01:57:12'),
(677, '/tags/all', '172.69.70.199', '2018-01-01 02:14:55', '2018-01-01 02:14:55'),
(678, '/', '172.68.141.24', '2018-01-01 02:57:12', '2018-01-01 02:57:12'),
(679, '/', '172.68.65.200', '2018-01-01 03:41:18', '2018-01-01 03:41:18'),
(680, '/', '162.158.62.227', '2018-01-01 03:57:12', '2018-01-01 03:57:12'),
(681, '/', '162.158.167.182', '2018-01-01 04:19:33', '2018-01-01 04:19:33'),
(682, '/', '172.68.141.24', '2018-01-01 04:57:12', '2018-01-01 04:57:12'),
(683, '/', '172.68.65.80', '2018-01-01 05:57:12', '2018-01-01 05:57:12'),
(684, '/', '162.158.134.216', '2018-01-01 06:57:11', '2018-01-01 06:57:11'),
(685, '/', '172.69.54.83', '2018-01-01 07:57:11', '2018-01-01 07:57:11'),
(725, '/', '108.162.216.114', '2018-01-01 23:57:12', '2018-01-01 23:57:12'),
(687, '/', '172.68.143.248', '2018-01-01 09:13:13', '2018-01-01 09:13:13'),
(688, '/', '172.68.174.66', '2018-01-01 09:57:12', '2018-01-01 09:57:12'),
(689, '/', '162.158.165.36', '2018-01-01 10:20:16', '2018-01-01 10:20:16'),
(690, '/', '172.68.244.62', '2018-01-01 10:22:52', '2018-01-01 10:22:52'),
(691, '/', '172.68.10.132', '2018-01-01 10:22:52', '2018-01-01 10:22:52'),
(692, '/', '108.162.221.224', '2018-01-01 10:57:12', '2018-01-01 10:57:12'),
(693, '/tags/angular', '108.162.221.218', '2018-01-01 11:30:56', '2018-01-01 11:30:56'),
(694, '/', '172.69.33.163', '2018-01-01 11:57:12', '2018-01-01 11:57:12'),
(695, '/', '172.68.141.24', '2018-01-01 12:57:12', '2018-01-01 12:57:12'),
(696, '/', '162.158.62.227', '2018-01-01 13:57:12', '2018-01-01 13:57:12'),
(697, '/tags/php', '172.69.69.102', '2018-01-01 14:28:17', '2018-01-01 14:28:17'),
(698, '/', '172.68.141.24', '2018-01-01 14:57:12', '2018-01-01 14:57:12'),
(699, '/', '172.68.65.80', '2018-01-01 15:57:12', '2018-01-01 15:57:12'),
(700, '/', '173.245.48.77', '2018-01-01 16:05:13', '2018-01-01 16:05:13'),
(701, '/', '172.69.33.31', '2018-01-01 16:05:16', '2018-01-01 16:05:16'),
(702, '/', '172.68.65.80', '2018-01-01 16:57:12', '2018-01-01 16:57:12'),
(703, '/', '172.68.189.135', '2018-01-01 17:45:21', '2018-01-01 17:45:21'),
(704, '/', '172.68.46.73', '2018-01-01 17:45:32', '2018-01-01 17:45:32'),
(724, '/', '162.158.62.227', '2018-01-01 22:57:11', '2018-01-01 22:57:11'),
(706, '/', '172.68.174.66', '2018-01-01 18:57:12', '2018-01-01 18:57:12'),
(707, '/', '172.68.142.217', '2018-01-01 19:40:23', '2018-01-01 19:40:23'),
(708, '/', '162.158.255.24', '2018-01-01 19:40:41', '2018-01-01 19:40:41'),
(709, '/', '162.158.255.132', '2018-01-01 19:43:08', '2018-01-01 19:43:08'),
(710, '/', '162.158.59.252', '2018-01-01 19:43:29', '2018-01-01 19:43:29'),
(711, '/', '172.68.46.193', '2018-01-01 19:44:43', '2018-01-01 19:44:43'),
(712, '/', '173.245.48.239', '2018-01-01 19:45:02', '2018-01-01 19:45:02'),
(713, '/', '108.162.221.224', '2018-01-01 19:57:12', '2018-01-01 19:57:12'),
(714, '/tags/angular', '108.162.221.218', '2018-01-01 20:19:15', '2018-01-01 20:19:15'),
(717, '/', '172.69.33.163', '2018-01-01 20:57:12', '2018-01-01 20:57:12'),
(721, '/', '172.68.141.24', '2018-01-01 21:57:12', '2018-01-01 21:57:12'),
(722, '/links?page=17', '172.68.65.92', '2018-01-01 22:22:08', '2018-01-01 22:22:08');

-- --------------------------------------------------------

--
-- Table structure for table `users`
--

CREATE TABLE `users` (
  `id` int(10) UNSIGNED NOT NULL,
  `name` varchar(191) COLLATE utf8mb4_unicode_ci NOT NULL,
  `email` varchar(191) COLLATE utf8mb4_unicode_ci NOT NULL,
  `password` varchar(191) COLLATE utf8mb4_unicode_ci NOT NULL,
  `remember_token` varchar(100) COLLATE utf8mb4_unicode_ci DEFAULT NULL,
  `created_at` timestamp NULL DEFAULT NULL,
  `updated_at` timestamp NULL DEFAULT NULL
) ENGINE=InnoDB DEFAULT CHARSET=utf8mb4 COLLATE=utf8mb4_unicode_ci;

--
-- Dumping data for table `users`
--

INSERT INTO `users` (`id`, `name`, `email`, `password`, `remember_token`, `created_at`, `updated_at`) VALUES
(11, 'Traian', 'victor_traian@yahoo.com', '$2y$10$QG1lFECnHxnEvUKDxLkyCuW87EhS7d4BGeGXZXGmW3.XJMAeZPPTu', NULL, '2017-12-06 23:53:41', '2017-12-06 23:53:41');

--
-- Indexes for dumped tables
--

--
-- Indexes for table `admins`
--
ALTER TABLE `admins`
  ADD PRIMARY KEY (`id`),
  ADD UNIQUE KEY `admins_email_unique` (`email`);

--
-- Indexes for table `categories`
--
ALTER TABLE `categories`
  ADD PRIMARY KEY (`id`);

--
-- Indexes for table `category_link`
--
ALTER TABLE `category_link`
  ADD PRIMARY KEY (`id`),
  ADD UNIQUE KEY `category_link_id_unique` (`id`),
  ADD KEY `category_link_category_id_index` (`category_id`),
  ADD KEY `category_link_link_id_index` (`link_id`);

--
-- Indexes for table `links`
--
ALTER TABLE `links`
  ADD PRIMARY KEY (`id`);

--
-- Indexes for table `migrations`
--
ALTER TABLE `migrations`
  ADD PRIMARY KEY (`id`);

--
-- Indexes for table `model_has_permissions`
--
ALTER TABLE `model_has_permissions`
  ADD PRIMARY KEY (`permission_id`,`model_id`,`model_type`),
  ADD KEY `model_has_permissions_model_id_model_type_index` (`model_id`,`model_type`);

--
-- Indexes for table `model_has_roles`
--
ALTER TABLE `model_has_roles`
  ADD PRIMARY KEY (`role_id`,`model_id`,`model_type`),
  ADD KEY `model_has_roles_model_id_model_type_index` (`model_id`,`model_type`);

--
-- Indexes for table `password_resets`
--
ALTER TABLE `password_resets`
  ADD KEY `password_resets_email_index` (`email`);

--
-- Indexes for table `permissions`
--
ALTER TABLE `permissions`
  ADD PRIMARY KEY (`id`);

--
-- Indexes for table `relations`
--
ALTER TABLE `relations`
  ADD PRIMARY KEY (`id`),
  ADD KEY `relations_scaffoldinterface_id_foreign` (`scaffoldinterface_id`);

--
-- Indexes for table `roles`
--
ALTER TABLE `roles`
  ADD PRIMARY KEY (`id`);

--
-- Indexes for table `role_has_permissions`
--
ALTER TABLE `role_has_permissions`
  ADD PRIMARY KEY (`permission_id`,`role_id`),
  ADD KEY `role_has_permissions_role_id_foreign` (`role_id`);

--
-- Indexes for table `scaffoldinterfaces`
--
ALTER TABLE `scaffoldinterfaces`
  ADD PRIMARY KEY (`id`);

--
-- Indexes for table `stats`
--
ALTER TABLE `stats`
  ADD PRIMARY KEY (`id`);
--
-- Indexes for table `users`
--
ALTER TABLE `users`
  ADD PRIMARY KEY (`id`),
  ADD UNIQUE KEY `users_email_unique` (`email`);

--
-- AUTO_INCREMENT for dumped tables
--

--
-- AUTO_INCREMENT for table `admins`
--
ALTER TABLE `admins`
  MODIFY `id` int(10) UNSIGNED NOT NULL AUTO_INCREMENT, AUTO_INCREMENT=4;
--
-- AUTO_INCREMENT for table `categories`
--
ALTER TABLE `categories`
  MODIFY `id` int(10) UNSIGNED NOT NULL AUTO_INCREMENT, AUTO_INCREMENT=26;
--
-- AUTO_INCREMENT for table `category_link`
--
ALTER TABLE `category_link`
  MODIFY `id` int(10) UNSIGNED NOT NULL AUTO_INCREMENT, AUTO_INCREMENT=34;
--
-- AUTO_INCREMENT for table `links`
--
ALTER TABLE `links`
  MODIFY `id` int(10) UNSIGNED NOT NULL AUTO_INCREMENT, AUTO_INCREMENT=12;
--
-- AUTO_INCREMENT for table `migrations`
--
ALTER TABLE `migrations`
  MODIFY `id` int(10) UNSIGNED NOT NULL AUTO_INCREMENT, AUTO_INCREMENT=19;
--
-- AUTO_INCREMENT for table `permissions`
--
ALTER TABLE `permissions`
  MODIFY `id` int(10) UNSIGNED NOT NULL AUTO_INCREMENT, AUTO_INCREMENT=2;
--
-- AUTO_INCREMENT for table `relations`
--
ALTER TABLE `relations`
  MODIFY `id` int(10) UNSIGNED NOT NULL AUTO_INCREMENT, AUTO_INCREMENT=4;
--
-- AUTO_INCREMENT for table `roles`
--
ALTER TABLE `roles`
  MODIFY `id` int(10) UNSIGNED NOT NULL AUTO_INCREMENT, AUTO_INCREMENT=2;
--
-- AUTO_INCREMENT for table `scaffoldinterfaces`
--
ALTER TABLE `scaffoldinterfaces`
  MODIFY `id` int(10) UNSIGNED NOT NULL AUTO_INCREMENT, AUTO_INCREMENT=6;
--
-- AUTO_INCREMENT for table `users`
--
ALTER TABLE `users`
  MODIFY `id` int(10) UNSIGNED NOT NULL AUTO_INCREMENT, AUTO_INCREMENT=12;
--
-- Constraints for dumped tables
--

--
-- Constraints for table `category_link`
--
ALTER TABLE `category_link`
  ADD CONSTRAINT `category_link_category_id_foreign` FOREIGN KEY (`category_id`) REFERENCES `categories` (`id`) ON DELETE CASCADE,
  ADD CONSTRAINT `category_link_link_id_foreign` FOREIGN KEY (`link_id`) REFERENCES `links` (`id`) ON DELETE CASCADE;

--
-- Constraints for table `model_has_permissions`
--
ALTER TABLE `model_has_permissions`
  ADD CONSTRAINT `model_has_permissions_permission_id_foreign` FOREIGN KEY (`permission_id`) REFERENCES `permissions` (`id`) ON DELETE CASCADE;

--
-- Constraints for table `model_has_roles`
--
ALTER TABLE `model_has_roles`
  ADD CONSTRAINT `model_has_roles_role_id_foreign` FOREIGN KEY (`role_id`) REFERENCES `roles` (`id`) ON DELETE CASCADE;

--
-- Constraints for table `relations`
--
ALTER TABLE `relations`
  ADD CONSTRAINT `relations_scaffoldinterface_id_foreign` FOREIGN KEY (`scaffoldinterface_id`) REFERENCES `scaffoldinterfaces` (`id`) ON DELETE CASCADE;

--
-- Constraints for table `role_has_permissions`
--
ALTER TABLE `role_has_permissions`
  ADD CONSTRAINT `role_has_permissions_permission_id_foreign` FOREIGN KEY (`permission_id`) REFERENCES `permissions` (`id`) ON DELETE CASCADE,
  ADD CONSTRAINT `role_has_permissions_role_id_foreign` FOREIGN KEY (`role_id`) REFERENCES `roles` (`id`) ON DELETE CASCADE;

/*!40101 SET CHARACTER_SET_CLIENT=@OLD_CHARACTER_SET_CLIENT */;
/*!40101 SET CHARACTER_SET_RESULTS=@OLD_CHARACTER_SET_RESULTS */;
/*!40101 SET COLLATION_CONNECTION=@OLD_COLLATION_CONNECTION */;
